{
  "ODE": {
    "rmse_train": 0.14435845023292457,
    "rmse_test": 0.01045389399360487,
    "total_ms": 44.710292015224695,
    "speedup": 0.7071796362139471
  },
  "MLP": {
    "rmse_train": 0.13558321960478337,
    "rmse_test": 0.14759955046234846,
    "total_ms": 11.093165958300233,
    "speedup": 2.8502420464275366
  },
  "NODE": {
    "rmse_train": 0.01791364042922272,
    "rmse_test": 0.23887414149943886,
    "total_ms": 42.81862499192357,
    "speedup": 0.7384218444265727
  },
  "PINN": {
    "rmse_train": 0.01980687945864352,
    "rmse_test": 0.020519071484537993,
    "total_ms": 547.0169589389116,
    "speedup": 0.05780114770788473
  },
  "SuperNet": {
    "rmse_train": 0.05689709533683035,
    "rmse_test": 0.029840843557824924,
    "total_ms": 14.75620805285871,
    "speedup": 2.142705492433103
  },
  "TrajNet": {
    "rmse_train": 0.0026289878135021642,
    "rmse_test": 0.0016547272080627206,
    "total_ms": 0.11544875102117658,
    "speedup": 273.87223995646576,
    "generalization_median": 0.0026159865951530543,
    "generalization_p95": 0.006245153982040006
  }
}