{
  "ODE": {
    "rmse_train": 0.14435845023292457,
    "rmse_test": 0.01045389399360487,
    "inf_ms": 0.05390442631323822,
    "train_s": 0.0,
    "speedup": 0.7284613495762853
  },
  "MLP": {
    "rmse_train": 0.3581408531738162,
    "rmse_test": 0.4613345647619293,
    "inf_ms": 0.013834531127940863,
    "train_s": 30.60625633294694,
    "speedup": 2.8383535934203716
  },
  "NODE": {
    "rmse_train": 0.008877714876578666,
    "rmse_test": 0.05349625303698873,
    "inf_ms": 0.046946509974077344,
    "train_s": 52.339765749988146,
    "speedup": 0.8364262042473302
  },
  "PINN": {
    "rmse_train": 0.019038070480710156,
    "rmse_test": 0.02042202622209889,
    "inf_ms": 0.5675096361665055,
    "train_s": 4.778112916043028,
    "speedup": 0.0691922896772735
  },
  "SuperNet": {
    "rmse_train": 0.05746631092841224,
    "rmse_test": 0.047774667109168674,
    "inf_ms": 0.017987135070143268,
    "train_s": 0.37711091607343405,
    "speedup": 2.1830764592109206
  }
}